1,Morna Probbing,36.76,false
2,Northrop McClay,99.06,false
3,Shari Rodolico,77.94,true
4,Meredeth Ormesher,96.24,false
5,Teressa Handover,19.54,false
6,Felicdad Fratczak,85.21,true
7,Roze Littlefair,38.51,true
8,Birdie Tilston,65.09,false
9,Marga Womack,44.05,true
10,Walsh Dymond,71.44,true
11,Carlen Crotch,80.59,true
12,Filberto d'Arcy,15.84,true
13,Dolf Daveridge,53.63,true
14,Harland Upham,55.78,true
15,Murry Galton,21.22,true
16,Delano Postians,96.63,true
17,Sharia Fraczkiewicz,53.29,true
18,Mervin Gobell,63.03,true
19,Dav Liccardi,89.4,true
20,Alameda Verrell,68.28,true
21,Wini MacFadyen,35.09,false
22,Lenora Inde,29.84,false
23,Christophorus Deighan,35.29,true
24,Yvor Woodward,18.11,false
25,Ellen Broose,2.15,true
26,Terrye Mates,50.02,true
27,Darius Escalera,78.42,false
28,Reeta Woodyer,36.41,false
29,Opal Bellham,85.94,true
30,Konrad Gebbie,10.29,true
31,Jerome Long,56.47,true
32,Averil Nicely,41.92,true
33,Georgiana Weatherup,78.94,true
34,Lincoln Covendon,37.13,true
35,Kathlin Over,18.37,false
36,Catina Evett,57.0,false
37,Hettie Rennels,51.39,true
38,Forester Mila,20.95,false
39,Olga Brehaut,26.18,true
40,Christy Trenear,2.41,false
41,Denice Reading,60.64,false
42,Eimile Godber,24.19,false
43,Billye Finkle,88.11,false
44,King Whitby,3.78,false
45,Carolee Forbear,19.61,true
46,Norton Drewes,17.11,false
47,Lyn Imlach,4.41,false
48,Benedikta Yedy,48.74,false
49,Deloria Pickin,55.17,false
50,Tully Pickford,47.0,false
51,Miller Venmore,23.23,false
52,Olympe St. Clair,18.3,false
53,Cherry Hinken,21.58,true
54,Ara Marvin,78.46,false
55,Abby Berthel,49.98,true
56,Jewelle Hassell,16.59,true
57,Parrnell Given,99.15,true
58,Antonin Willoughley,72.91,true
59,Whittaker Scupham,13.96,false
60,Celisse Yakebovitch,88.95,false
61,Ellis Vequaud,61.5,false
62,Darcie Laurens,53.76,false
63,Lexi Joule,69.24,true
64,Ignatius Hayzer,39.88,true
65,Elliot Colrein,55.04,false
66,Ede Gutowski,38.33,true
67,Emanuel Fusco,80.2,true
68,Sid Walliker,86.84,true
69,Glyn Clue,44.67,false
70,Bonnee MacEllen,77.46,false
71,Aaren Corradino,56.19,false
72,Berne Copner,95.4,false
73,Rudie Peppett,46.94,true
74,Stephen Rosenzwig,58.96,false
75,Dael Stanlock,52.09,true
76,Monte Pirot,30.48,false
77,Fleming Sabatier,26.81,true
78,Fabiano Colum,23.35,true
79,Wilmette Bangley,10.35,false
80,Jaime Pargeter,19.41,true
81,Briana Cadogan,86.82,true
82,Car Axup,84.37,false
83,Vassili Keepence,19.73,false
84,Gilbert Jorgesen,74.56,false
85,Quinton Blaschke,82.73,false
86,Kendre Coolson,65.13,true
87,Benedicta Emmanuele,93.25,false
88,Nataniel Murthwaite,36.63,true
89,Giselbert Antognelli,8.29,true
90,Antin Keeble,90.46,false
91,Terrance Krammer,71.52,false
92,Legra Easseby,42.88,false
93,Kristopher Simoncello,12.43,false
94,Genny Bridgestock,32.65,false
95,Nyssa Lacheze,51.46,true
96,Devin Devita,42.1,true
97,Neall Inde,73.57,false
98,Romy Guarnier,7.69,false
99,Katerine Durnian,4.68,false
100,Ariadne McElane,41.54,false
101,Shelli Bolgar,72.3,true
102,Jerome Grzeszczak,98.63,false
103,Elwin Jobbing,7.14,true
104,Kliment Ondrousek,35.95,false
105,Dodie Meiklejohn,87.92,true
106,Carroll Brouard,15.67,true
107,Holly Cornau,76.87,false
108,Moria Gillyett,22.69,true
109,Ariel Archanbault,14.44,false
110,Pavla Kop,5.04,false
111,Arv McFall,56.74,false
112,Caryl Gaine of England,88.66,false
113,Roseann Stetson,99.95,false
114,Felecia Brumen,16.73,true
115,Melba Charpin,1.12,false
116,Eberto Simeons,83.35,false
117,Herrick Treble,39.66,true
118,Wake Telezhkin,3.34,false
119,Karna Thursfield,50.56,true
120,Laurette Hambridge,62.75,true
121,Geno Barrington,3.55,false
122,Elfreda Floyed,65.17,false
123,Geralda Swyer,41.85,false
124,Nikolai Laydon,80.87,true
125,Olivette Petherick,90.12,false
126,Yul Daley,44.07,false
127,Lyda Rudderham,72.47,false
128,Eula Brenstuhl,22.38,false
129,Burton Hustler,65.61,true
130,Letta Streatley,88.65,false
131,Mala Coole,97.11,true
132,Peri Cancutt,56.52,false
133,Malvina Conlaund,75.2,false
134,Sabina Horder,91.15,false
135,Mikaela Bladesmith,14.99,true
136,Efrem Holdall,78.52,true
137,Fairfax Jaksic,70.42,true
138,Gustave Bridgewood,66.05,true
139,Dulcie Everington,77.53,true
140,Deck Derx,6.1,false
141,Tamar Schultheiss,92.28,false
142,Auria McNeilley,55.23,true
143,Lorenzo Osmint,21.25,false
144,Chrotoem Kerbler,35.2,true
145,Lou Decruse,8.54,false
146,Shanna Dudbridge,93.1,false
147,Baudoin Bernth,45.47,false
148,Basia Detoc,3.64,false
149,Tamarra Byrne,7.7,false
150,Jackquelin Grimsell,26.75,true
151,Glyn Gligoraci,9.2,false
152,Jessy Spurret,3.55,false
153,Artemus Elliman,50.1,true
154,Pammie Fowkes,36.69,true
155,Moritz Coppen,51.61,false
156,Lance Goudge,22.71,true
157,Karlyn Petroff,64.15,true
158,Yehudit Forsbey,53.02,false
159,Michal Garmanson,18.44,true
160,Clarke Duffie,24.44,false
161,Silvanus Rylstone,58.11,true
162,Fanya Sapey,69.71,true
163,Sibella Extal,93.83,false
164,Werner Gilder,41.41,true
165,Adham Huskisson,4.13,false
166,Teddy Ormonde,63.07,false
167,Adore Ord,72.9,true
168,Dacie Wethey,69.84,false
169,Mort Duiguid,26.67,true
170,Nerty Roubottom,57.33,false
171,Nannette Ruddle,84.59,false
172,Jacquenette FitzGibbon,95.63,true
173,Russell Dytham,55.95,true
174,Adamo Brass,40.57,false
175,Suki Fauguel,77.73,true
176,Merrielle Westlake,68.05,false
177,Nickola Leat,50.35,false
178,Alvy Greenrod,31.03,true
179,Gerick Wherrett,43.84,true
180,Brand Mace,90.54,true
181,Lyndsay Wittier,43.86,true
182,Francois Sibille,67.44,true
183,Bernie Ramsell,10.93,false
184,Polly Litel,67.72,false
185,Jo Warlow,67.9,false
186,Silvano Bridel,49.17,true
187,Kingston Brundill,44.48,true
188,Myra Edes,9.65,false
189,Graehme Mosdell,99.0,false
190,Bernie Swynfen,12.94,true
191,Florentia Bellis,20.09,false
192,Zelda Dobing,59.4,false
193,Jaclin Pigrome,71.58,true
194,Dollie Batchellor,68.46,false
195,Cristen Hall-Gough,17.26,false
196,Yevette Vonderdell,5.71,false
197,Cicely Gerger,87.72,false
198,Nerita Tomankiewicz,70.44,false
199,Beauregard Moncreif,88.68,false
200,Babita Weond,15.18,false
201,Enos Folomin,13.02,true
202,Ursuline Duling,82.34,true
203,Dionisio Scrase,60.22,true
204,Ashely Bodiam,26.59,true
205,Gerhardt Chasney,91.42,false
206,Fran Hustings,78.14,false
207,Stoddard Hairsnape,1.42,false
208,Olav Woolmer,21.42,false
209,Marvin Wasselin,79.03,true
210,Darrin Blenkin,70.76,true
211,Rayshell Emlen,63.77,false
212,Misti McKibbin,20.51,true
213,Ramon Sidebottom,9.1,true
214,Fenelia Batisse,13.8,true
215,Cori Treweela,51.33,true
216,Essy Deevey,91.89,false
217,Dagmar Huskisson,98.85,false
218,Cybil Nazer,63.23,true
219,Ludwig Fetherstan,58.82,false
220,Dael Harken,48.02,false
221,Gallagher Chauvey,12.42,true
222,Pietro Barcke,35.22,true
223,Ulrica Tremathack,19.34,true
224,Erinna Treswell,11.81,false
225,Ursuline Roscher,44.93,false
226,Gearalt Velte,22.17,true
227,Johnna Lagde,64.79,false
228,Padraic Bursnoll,50.71,true
229,Rollin Woloschinski,78.93,true
230,Heida Pippin,55.79,true
231,Delainey Maciunas,59.29,false
232,Avivah Ottery,6.57,true
233,Hinda McLanachan,38.1,false
234,Cathe Bayns,32.18,true
235,Alyse Dransfield,78.65,true
236,Lindon Tinker,87.06,true
237,Emmott Minette,41.56,true
238,Rozele Dearman,27.7,true
239,Grannie Wandrey,14.09,true
240,Maximo Isaksen,64.03,false
241,Tallou MacMarcuis,77.56,false
242,Prinz Deeney,43.29,false
243,Britteny Yokelman,7.62,false
244,Lara Hackford,8.64,false
245,Alphard Mepham,36.7,false
246,Hynda Carse,95.7,false
247,Francesca Philippe,65.99,true
248,Ulrika Betton,23.48,false
249,Brien Okie,57.24,true
250,Cristine Hindhaugh,59.06,true
251,Violet Treen,48.1,true
252,Odele Aldrin,69.3,true
253,Brittni Tilsley,57.59,false
254,Tessie Wyman,57.42,false
255,Reider Lee,71.43,false
256,Brenn Whimpenny,96.85,false
257,Orsa McMenamy,70.82,true
258,Sheff Heining,97.35,false
259,Mortie Sleight,80.39,true
260,Zechariah Teissier,53.37,false
261,Ara Pree,35.04,true
262,Gideon Ketchell,40.21,false
263,Demott Message,34.56,false
264,Elsy Lyall,77.35,true
265,David Soans,28.99,true
266,Karoline Lunck,64.39,true
267,Marrissa Cordingly,23.86,true
268,Christoph Laister,18.92,true
269,Erinna Melsome,56.11,false
270,Kissie Alvarez,76.65,true
271,Paule Cadore,2.05,true
272,Kathe Coppock.,80.65,true
273,Ingar Lapides,85.07,true
274,Tabitha Lafuente,8.14,false
275,Trista Barczynski,22.98,true
276,Laney Cantor,41.95,true
277,Vladimir Yuille,91.49,false
278,Patrice Wallach,38.68,false
279,Gar Jorat,88.03,true
280,Harlin Hamber,86.16,false
281,Buffy Thoma,30.8,false
282,Nichols Westcarr,45.42,false
283,Rhoda Sterzaker,80.22,true
284,Sky Dibden,50.53,false
285,Mia Arend,4.21,false
286,Krisha Gummory,12.59,true
287,Murry Bucknall,69.09,false
288,Egan Schubbert,83.63,true
289,Hetti Pyser,81.32,true
290,Merell Gartell,28.84,false
291,Tait Gambell,91.08,false
292,Delinda Tregoning,11.91,false
293,Hiram Barnicott,64.8,false
294,Domenico McShirie,96.5,true
295,Mellisa Granham,19.97,true
296,Hewitt Feldbrin,15.72,true
297,Eustacia Strond,52.9,true
298,Brant Johnston,17.15,true
299,Wylie Garrish,77.48,false
300,Urbano Petrussi,77.51,true
301,Pace Pech,55.2,false
302,Ally Costley,80.75,true
303,Cherice Kernermann,91.18,false
304,Madge Lytle,50.99,false
305,Earvin Du Hamel,62.65,false
306,Dale Van Dalen,40.46,false
307,Veronike Bellwood,7.2,true
308,Ignatius Jirieck,41.63,true
309,Terrye Gullifant,68.14,false
310,Meg Henriquet,44.31,true
311,Budd Maharry,59.93,false
312,Delaney Farncombe,27.35,false
313,Archaimbaud Cossar,81.66,true
314,Doria Mitham,33.42,true
315,Claudine Creek,79.39,true
316,Stella Brabyn,36.14,true
317,Hermann Inchley,41.97,false
318,Joela Humblestone,52.81,false
319,Dasya Etheredge,72.82,true
320,Pearce Camilli,92.11,false
321,Hieronymus Lott,76.41,false
322,Mella Kleisle,83.61,true
323,Nil Botterell,4.51,true
324,Florinda Yerrill,57.03,true
325,Goran Barosch,89.77,true
326,Nicola Patley,19.9,false
327,Tildy Law,62.05,false
328,Margit Dabbes,51.03,true
329,Channa Chat,30.06,true
330,Putnam Bompass,71.15,false
331,Tally Binne,3.57,true
332,Emmy Georgel,35.03,false
333,Merrily Jauncey,44.38,true
334,Candy Itzhak,71.88,false
335,Liane Pettersen,51.07,true
336,Amalee Joron,86.06,false
337,Ashbey Bruckenthal,73.17,true
338,Judie Juett,27.17,true
339,Irma Roberts,24.77,false
340,Delaney Juggings,91.44,false
341,Moyra Stansby,71.5,true
342,Perle Beckitt,57.9,false
343,Lory Raleston,81.6,true
344,Prudi Foottit,44.08,true
345,Filia Pattrick,31.6,true
346,Lilly Coldrick,84.7,true
347,Minerva Simcock,53.37,false
348,Cosme Crook,8.78,true
349,Halli Purvis,12.92,true
350,Juli Attack,31.86,false
351,Emmett Linstead,20.79,true
352,Oren Rainard,62.42,false
353,Vere Sundin,53.85,false
354,Gasparo Simyson,41.28,false
355,Talbot Kupec,11.92,true
356,Ferd Posner,59.01,false
357,Darbee Burridge,40.42,true
358,Netti Sissland,3.14,true
359,Inez Iorizzo,15.02,false
360,Alva Twining,50.02,false
361,Konstance Olerenshaw,81.32,false
362,Tucky Maffioni,37.47,true
363,Marlowe Thornally,61.58,false
364,Nikolai Cagan,92.66,false
365,Grata Costa,5.02,true
366,Anthiathia Fairest,83.95,false
367,Lilllie Dignum,83.18,false
368,Justina Beadnell,54.31,true
369,Carlyle Duling,96.02,true
370,Adham Jagels,19.41,false
371,Chevy Gouck,77.56,false
372,Wells Sibille,7.56,true
373,Justine Kermeen,26.35,true
374,Christos Quinby,60.47,false
375,Keene Coffee,89.41,false
376,Kaja Sneath,10.7,true
377,Jada Kelf,34.24,false
378,Reggie Pittle,40.18,false
379,Jenna Mc Caghan,80.84,false
380,Lorenzo Kleinber,5.26,false
381,Peirce Avo,47.86,true
382,Thornton Rawlyns,26.12,false
383,Norry Domelaw,55.79,false
384,Noami Ludman,20.61,false
385,Dannie Shortland,88.77,false
386,Tuckie Livesley,72.1,false
387,Ulrick Noone,82.42,false
388,Paulie Folbigg,23.44,true
389,Grissel Luipold,30.56,false
390,Penny Brownhill,96.66,true
391,Vincenty Horley,47.12,true
392,Roi Mullenger,81.64,true
393,Durant Adran,8.71,true
394,Charissa Whatsize,45.7,false
395,Emma MacCallester,39.53,false
396,Elle Warters,17.07,false
397,Angelique Jachimiak,90.35,false
398,Jeffie Gaffon,22.55,false
399,Ginni Backs,8.98,true
400,Imelda Lux,7.32,true
401,Sissy Ayllett,14.93,false
402,Laurette Cordle,10.56,true
403,Karlis Robjents,44.16,false
404,Pattin Facey,24.37,true
405,Emily Garz,94.88,true
406,Rab Blaxeland,47.31,true
407,Clerkclaude Hardan,44.08,true
408,Avivah Habershaw,73.93,true
409,Edin Maiden,44.85,false
410,Henka Wadhams,33.24,true
411,Lora Daglish,21.78,false
412,Alexandre Stormonth,57.05,true
413,Rosanna Robbey,48.48,false
414,Gerik Croydon,80.06,false
415,Keriann Wolseley,63.85,false
416,Konstantine Sineath,90.66,false
417,Philipa Mayou,4.43,false
418,Valaria Cardon,19.19,false
419,Nikkie Hynes,89.73,true
420,Mic Wey,97.64,false
421,Vinson Lasty,24.31,false
422,Ava Philippon,90.65,true
423,Thor Crowch,47.96,false
424,Carling Paddington,57.11,false
425,Alister Sellers,64.35,true
426,Gannie Dupree,44.72,true
427,Sayer Hoggan,13.28,false
428,Crichton MacKeogh,58.64,true
429,Amity Greensides,17.01,false
430,Horatia Hawyes,99.1,false
431,Lemmy O'Dee,18.93,false
432,Jolyn Crutchfield,68.95,false
433,Vivian Dureden,6.28,true
434,Nell Berzins,39.32,false
435,Crawford Harwell,56.46,true
436,Zebedee Exter,80.04,true
437,Ricard Bedwell,49.07,false
438,Web Daughtery,54.48,true
439,Ford Bullimore,9.48,false
440,Marv Tutchings,89.04,false
441,Andrea Brooks,99.32,false
442,Jefferey Grigore,10.78,false
443,Aggie Polet,87.79,true
444,Sabra Boyton,11.17,false
445,Harmonia Mildmott,61.9,true
446,Meyer Owtram,30.6,true
447,Mella Flippelli,51.47,false
448,Amalia Kelby,82.53,true
449,Filbert Fenelon,26.42,false
450,Homer Scotti,26.03,false
451,Krysta MacRitchie,46.82,true
452,Monah Beedham,97.7,false
453,Morton Ipplett,33.6,false
454,Consolata Gurr,80.54,true
455,Lynnell Kick,2.66,true
456,Jazmin Finnick,96.29,false
457,Lucian Crumly,35.76,false
458,Inna Niccols,81.48,true
459,Worth Doul,37.3,true
460,Danielle Dudhill,67.85,false
461,Shirley Rawlings,28.36,false
462,Marys Enrietto,78.11,true
463,Obadiah Gobell,15.37,true
464,Rochella Smullen,24.85,true
465,Cchaddie Bremmell,88.56,true
466,Jamison Rustan,26.79,false
467,Marchelle Hanny,75.69,false
468,Abbi Indge,13.89,true
469,Dylan Landreth,21.54,false
470,Giorgio Dodsworth,79.81,false
471,Madella McGilleghole,2.7,true
472,Antoinette Messer,91.98,true
473,Garrot Sutherel,29.31,false
474,Forrest Swayte,25.95,false
475,Ennis Gerry,40.55,false
476,Ilene Secker,26.05,true
477,Vinny Cleugher,80.24,false
478,Adelind Asquith,25.36,false
479,Coleman Ege,38.27,true
480,Mandy Worgan,43.02,false
481,Shurlock Onians,70.91,false
482,Nara Lamberth,74.77,false
483,Mortie Tomkies,1.51,false
484,Lavena Joscelyn,87.6,true
485,Oberon Allmann,5.39,false
486,Ashli Ianelli,49.2,false
487,Eachelle Nanson,51.27,false
488,Hi Kiljan,71.49,false
489,Wendi Heintze,87.62,false
490,Zared Brandenburg,30.42,true
491,Nick Deme,53.39,false
492,Petronella Fernandes,49.36,true
493,Jacquette Badham,35.26,false
494,Robina Codner,84.83,true
495,Marcus Binden,83.12,false
496,Ogden Bradder,61.91,false
497,Johnathon Gaye,63.54,false
498,Babita McGifford,70.43,true
499,Michel Coning,70.29,false
500,Gayleen Darker,37.73,false
501,Penelope Lamp,85.16,false
502,Joycelin Kemmet,48.38,false
503,Alf Naisey,12.63,true
504,Basia Duplain,97.31,false
505,Oswell Fairbard,23.13,false
506,Josie Bassingham,74.78,true
507,Sheela Yakunin,34.51,false
508,Fifi Pursehouse,36.78,true
509,Rickie Mettrick,88.3,true
510,Keith Frankham,54.21,true
511,Elliot Poyntz,26.52,false
512,Bord Batchan,89.82,false
513,Otis Brugger,45.96,true
514,Chaunce Swann,42.74,true
515,Thorpe Schout,45.12,true
516,Marchall Verheijden,99.83,false
517,Sharleen Gwyneth,93.77,true
518,Naoma Tearny,69.8,false
519,Colleen Goodlett,47.64,false
520,Brianne Lassey,36.91,true
521,Jaclin Humm,25.31,false
522,Abran Wickling,99.91,true
523,Brigit Dysert,66.52,true
524,Cesare Seviour,86.52,true
525,Grazia Duckhouse,56.7,true
526,Jerri Wombwell,38.3,true
527,Raimund Rudkin,8.69,true
528,Alanna Lambourne,12.45,true
529,Irina Ripper,95.56,false
530,Emelina Ludwell,15.71,true
531,Auria Lunney,80.64,true
532,Killian Vannuccinii,74.85,false
533,Robinet Kryszkiecicz,24.21,true
534,Irene Towe,26.62,false
535,Robena Higbin,12.08,true
536,Edithe Stave,1.08,true
537,Marilee Durtnell,44.96,false
538,Evered Pescud,25.46,false
539,Alexis Geany,22.38,false
540,Lazarus Peyzer,77.89,true
541,Hendrik Barstow,97.4,true
542,Emogene Stretton,82.31,true
543,Malinda Benedidick,44.85,true
544,Kassandra Bottoner,23.65,true
545,Anthea Marcinkus,47.24,true
546,Rooney O' Loughran,88.09,true
547,Ezechiel Sharpling,51.71,true
548,Audrie Extance,54.83,true
549,Yardley Olech,68.5,false
550,Liliane Richardes,42.49,true
551,Hubey Ellissen,67.77,true
552,Fenelia Fabbri,18.33,true
553,Susana Jerschke,44.09,false
554,Jenni Crole,71.87,false
555,Bruce Othick,12.76,true
556,Stepha Le Teve,99.86,false
557,Fowler Lucia,75.44,true
558,Benedikt Morphey,46.25,true
559,Leila Dunsmore,58.59,false
560,Hyacinth Bleby,54.03,false
561,Jillana Catling,9.59,true
562,Ealasaid Geydon,77.86,false
563,Jewel Turpey,31.03,false
564,Costanza Mundall,53.98,true
565,Russ Drance,41.68,true
566,Seward Stockman,42.73,false
567,Martyn Beeble,3.74,true
568,Jaymie Trime,57.5,false
569,Jacquelin Dosdell,39.82,false
570,Moses Weare,48.13,true
571,Ambur Streat,97.16,true
572,Daniela Fallens,82.44,true
573,Elene Sigge,97.42,true
574,Zaneta Rackley,91.97,true
575,Magnum Battista,18.28,true
576,Ozzie Ceaser,92.0,false
577,Florance Sutterfield,12.69,false
578,Hatti Dennis,24.96,false
579,Wynn Glowinski,15.18,true
580,Vaughn Govett,64.47,false
581,Bruce Westcarr,74.9,false
582,Ichabod Studdert,58.24,true
583,Donny Wilbore,4.33,false
584,Freeman Bastable,17.64,false
585,Dwight Braferton,42.35,false
586,Barron Elgee,48.33,false
587,Dill Rumsby,48.15,false
588,Kristal Stower,40.81,false
589,Erhard McGorman,71.45,false
590,Ddene Wallach,63.22,false
591,Marissa Papa,41.16,true
592,Pooh Barnshaw,71.43,true
593,Heddie Kensett,72.81,false
594,Catrina Slimme,2.8,true
595,Hunt Vickarman,61.96,true
596,Roslyn Heinschke,2.97,false
597,Zebadiah Letten,60.37,false
598,Isabelita Orrom,82.79,true
599,Townie Primrose,89.11,true
600,Bartolemo Shenley,39.12,true
601,Rockey Imlacke,8.92,true
602,Balduin Hencke,27.52,false
603,Frankie Kerss,97.43,false
604,Isadore Walklate,63.33,true
605,Sigismond Yashanov,37.35,true
606,Wells Georgeot,81.18,true
607,Alison Vanns,38.97,true
608,Brear Clymer,59.83,true
609,Greg Gilbody,20.02,true
610,Marve Swettenham,12.94,true
611,August Bendelow,30.02,false
612,Tamma Alyoshin,13.89,false
613,Daron Scocroft,74.65,false
614,Pepita Teaze,87.69,false
615,Ros Le Sieur,71.97,false
616,Bentlee Marsh,75.15,false
617,Clemente Allen,47.95,false
618,Charlotta Kroch,31.46,false
619,Shaughn Weare,62.78,false
620,Matilde Venning,45.32,false
621,Gawain Ducarne,3.78,false
622,Anselma Penhaleurack,50.7,true
623,Read Godley,39.53,true
624,Darby Wallworke,89.11,true
625,Marena Joutapaitis,40.02,true
626,Mavra Ryley,95.97,false
627,Gabriella Travis,3.29,true
628,Leontine Dowley,74.68,false
629,Huey Millmore,44.02,false
630,Obadiah Goodsir,78.22,true
631,Eve Elsmore,58.06,false
632,Van Routley,94.58,true
633,Sada Dominici,38.83,false
634,Layton Zylberdik,76.15,false
635,Tremain Basill,94.81,true
636,Beaufort Brason,33.55,true
637,Ado Dorwood,63.45,false
638,Chas Loughead,92.52,false
639,Christian Hold,48.52,true
640,Base Russam,12.84,false
641,Barn Geach,62.78,true
642,Liesa Fredy,57.06,true
643,Stacy Tumbelty,45.18,true
644,Corey Clutterbuck,8.41,false
645,Alfie Olexa,32.16,false
646,Natka Guenther,31.22,true
647,Gui Iannazzi,78.5,false
648,Janene Ladyman,83.28,false
649,Torrence Airs,12.98,true
650,Zelig Dewett,31.39,true
651,Moss Isworth,14.89,false
652,Melody Comer,53.61,false
653,Dallas Daelman,9.55,false
654,Perry Hookes,47.22,true
655,Devlin Skippen,98.2,true
656,Erin Hartil,82.76,true
657,Maryl Crossgrove,46.25,false
658,Lynna Meighan,38.36,true
659,Jerrine Liddell,80.72,false
660,L;urette Cortez,88.15,false
661,Rania Gravey,61.23,false
662,Colleen Govan,24.2,true
663,Maryanna Brennon,2.64,false
664,Chilton McKim,93.04,false
665,Abie Preshous,13.27,true
666,Larissa Foulstone,6.28,true
667,Edgar Everil,11.92,true
668,Carolina Drews,40.87,true
669,Federica Dog,75.61,false
670,Sherrie Flannery,83.14,false
671,Tamra Bartolomeazzi,95.62,true
672,Othelia Winser,37.67,true
673,Marlo Baldi,27.39,true
674,Mil MacKinnon,74.96,true
675,Deirdre Bondesen,10.51,true
676,Jeniffer Moorhouse,72.42,false
677,Eleni MacKeague,84.22,false
678,Sadie Tureville,20.47,true
679,Giavani McCarroll,43.6,false
680,Ellynn Bartrop,67.71,false
681,Haskell Hallick,66.99,true
682,Constancia Yann,99.18,true
683,Esmeralda Shaves,2.74,false
684,Holly Bette,79.13,false
685,Lucius Serjeantson,25.82,true
686,Rosabel Flasby,91.19,false
687,Lotty Jilkes,31.26,true
688,Miner Burtenshaw,57.1,false
689,Leia Eassom,42.28,true
690,Jacinda Buckland,23.81,false
691,Jeannine Dockrell,81.48,true
692,Reiko Josland,74.96,true
693,Fred Casajuana,38.67,true
694,Normie Spence,18.73,false
695,Julio Cadle,9.7,false
696,Giusto Yaneev,17.82,false
697,Vernen Wilkennson,17.02,false
698,Vonni Averies,31.88,true
699,Damian Evemy,61.67,false
700,Emmye Weare,10.36,false
701,Kerianne Bailes,34.7,false
702,Salvador Wickardt,41.63,true
703,Skipp Bassett,98.23,false
704,Shannon Furman,95.06,false
705,Cristine Drew,49.32,false
706,Dori Hall,16.1,false
707,Martin Krienke,27.53,true
708,Aarika Tarren,4.71,true
709,Broddie Janjusevic,94.73,true
710,Scot Silberschatz,66.27,true
711,Ty Kernock,53.54,true
712,Burr Gagan,73.95,false
713,Amble McCraine,96.88,false
714,Denny Corbally,14.42,false
715,Theo Kinneir,81.18,false
716,Andee Caro,35.93,false
717,Sherline Riste,40.12,false
718,Darell Keating,81.9,true
719,Shelby Solley,25.61,false
720,Baldwin Storry,61.85,false
721,Tonye Callender,2.21,true
722,Sula Wrist,66.07,false
723,Peyton Francecione,54.98,false
724,Paulo Jansie,40.2,false
725,Janice Lamblot,33.28,true
726,Wildon Vasichev,86.41,false
727,Drusilla Hansed,54.7,false
728,Rozina Vanlint,4.32,false
729,Alford Stuart,32.32,false
730,Laney Pennaman,69.79,true
731,Angie Cocher,34.58,true
732,Mikael Philot,78.53,false
733,Lloyd Vazquez,21.33,true
734,Nixie Paxton,9.58,false
735,Clive McPhillimey,24.09,true
736,Noemi Lahy,9.74,true
737,Malorie Assad,46.8,false
738,Glynda Suggate,55.91,false
739,Berni Coaker,42.33,true
740,Vinnie Fevier,23.8,true
741,Shelton Tipling,97.13,false
742,Brandie Satchel,70.24,true
743,Belita Pargiter,14.39,true
744,Sinclair Tomaschke,12.87,false
745,Vivienne Foulgham,79.27,true
746,Dee A'field,52.78,true
747,Christoffer Cuddehay,72.98,false
748,Laina Gunningham,67.81,true
749,Deva Aylott,81.4,false
750,Gussi Mackerel,7.38,true
751,Katinka Squires,72.3,true
752,Carleton Harbach,6.66,true
753,Terry Burree,13.27,false
754,Morgan Georgiades,28.18,false
755,Torrin Calder,58.17,false
756,Wyatt Cowe,56.24,false
757,Benedikta Buzin,50.45,true
758,Althea McLay,35.03,true
759,Thorpe Setter,15.99,false
760,Laurette Antoshin,80.73,false
761,Lu Costello,21.68,false
762,Mortie Anglish,55.4,false
763,Blayne Du Plantier,12.59,false
764,Tyrus Robinet,89.8,true
765,Hadrian Stadding,75.58,true
766,Darsey Wickey,54.81,false
767,Salim Simonson,20.51,false
768,Juliane Grahlman,81.81,false
769,Galen Benjamin,92.82,true
770,Duncan Davidov,90.28,true
771,Uriah Bidewel,12.3,true
772,Merry Sprasen,16.73,false
773,Dollie Ogborn,15.61,true
774,Gwyn Ruske,38.79,false
775,Paula Wavish,34.45,true
776,Tucky Leasor,45.54,true
777,Alameda Locksley,3.81,false
778,Dexter Mathet,98.36,true
779,Jarrod Fones,76.93,false
780,Tomlin Creasy,40.04,true
781,Debbi Potte,19.44,false
782,Gary Willcocks,34.52,true
783,Meagan Keasy,95.08,true
784,Lindsey Garton,77.1,true
785,Donavon Hartle,61.59,true
786,Quint Kinnoch,57.54,true
787,Inesita Sheard,42.91,true
788,Kaja Sackett,72.28,true
789,Solly Linnard,96.07,false
790,Sarah Natte,23.41,true
791,Manya Jost,50.36,true
792,Gavrielle Paintain,52.64,false
793,Jeddy Becraft,73.58,true
794,Daphna Maskall,90.86,true
795,Jacquenetta Ipsley,37.17,false
796,Blanca Mabbott,12.8,false
797,Ettore Reggler,10.19,false
798,Hartwell Moston,59.29,true
799,Druci Kleinhausen,53.68,false
800,Rorie Rosenfelder,88.19,false
801,Bert Sangster,6.3,false
802,Karie Clendinning,4.7,true
803,Winthrop Gilliam,28.17,true
804,Ronda Carde,95.08,false
805,Emmett Belfrage,62.17,true
806,Rikki Dwelly,33.04,false
807,Brennan May,22.87,true
808,Charley Burk,55.98,false
809,Caro Liversage,44.71,false
810,Jedd Westphalen,34.25,true
811,Ruby Longson,67.29,false
812,Merci Vittori,56.7,true
813,Clarke Grelik,81.45,true
814,Leann Hastings,83.06,false
815,Leontine Carrodus,33.04,true
816,Alverta Pierro,27.4,true
817,Chrissie Heskins,87.11,false
818,Hugibert Beacon,79.14,false
819,Leif Devanney,82.74,true
820,Daria Meekins,34.11,false
821,Aurlie Stairmond,64.45,false
822,Aube Busk,79.59,false
823,Fania Bootell,86.95,false
824,Broddie Henbury,52.49,true
825,Lynnelle Bowling,20.41,true
826,Torin Warrier,9.26,true
827,Liane D'Agostini,87.01,false
828,Tatiania Lundbech,83.56,false
829,Florie Betteriss,79.54,true
830,Jenine Strode,24.03,true
831,Bell Duffield,2.1,false
832,Doyle Klesel,46.3,true
833,Todd Brittle,43.82,true
834,Iver Westwell,82.71,true
835,Herbie Bovis,9.39,false
836,Jobina Werrett,97.98,true
837,Marcile O'Teague,96.34,false
838,Ernestus Figgess,78.36,true
839,Cazzie Studdal,58.82,true
840,Teddy Dibble,4.67,false
841,Fayette Doldon,88.7,false
842,Marysa Gallandre,94.05,true
843,Johnna Saltmarshe,93.75,false
844,Arabella Londsdale,98.61,true
845,Odelinda Gabe,19.71,false
846,Tamar Frizzell,13.31,false
847,Yul O'Grada,87.54,false
848,Arline MacAscaidh,62.73,true
849,Nollie Leward,71.7,false
850,Bell Vannini,72.49,true
851,Coralyn Bricksey,58.85,false
852,Marget Gergus,82.66,false
853,Ludovico Lehrmann,84.04,false
854,Paulette Tesyro,71.84,true
855,Torrance Whistan,11.31,true
856,Damaris Haire,84.35,true
857,Orlan Basten,67.93,true
858,Alysa Densey,23.63,true
859,Rodolph Ivashkin,21.31,true
860,Gerhardine Renfield,1.09,false
861,Douglas Hambelton,7.76,false
862,Ginnifer Loache,96.48,false
863,Creigh Penley,60.96,true
864,Corissa Antoniutti,16.99,true
865,Oona Seleway,91.97,true
866,Glenn Killock,70.07,false
867,Pepita Dockrey,96.68,true
868,Salim Pablos,21.88,false
869,Reggis Hansford,23.93,true
870,Kellby De Mitri,7.8,true
871,Ginger Shellcross,33.35,false
872,Traver Sutterfield,47.22,true
873,Ebony Baine,93.26,false
874,Geoffrey Klesel,97.98,true
875,Eunice O'Hartigan,21.93,false
876,Reta Coxall,66.8,false
877,Ronnie Regenhardt,68.73,true
878,Onofredo Drinkale,5.14,true
879,Cristabel Barrows,67.48,false
880,Karlene Heijne,96.86,false
881,Gifford Churches,1.3,false
882,Adore Miranda,90.56,true
883,Scottie Josupeit,58.8,false
884,Everard Kidde,73.99,false
885,Adham Doust,16.2,true
886,Abran Klemps,91.71,true
887,Ferrell Corrigan,28.42,true
888,Bale Bloor,39.54,true
889,Spike Windrass,86.72,true
890,Miran Bonn,64.78,false
891,Kleon Pane,70.12,true
892,Kasey Guly,53.81,false
893,Innis Revening,42.33,true
894,Kort Trill,61.77,true
895,Kelby Scates,25.77,false
896,Adelind Stickels,10.01,false
897,Idalia Warrender,85.86,true
898,Helenelizabeth Lambarth,43.63,true
899,Ashlin Morefield,69.19,true
900,Ajay Plett,86.06,true
901,Wilfred Limpricht,84.25,true
902,Rand Ryland,65.89,true
903,Carlyn Badrock,2.32,true
904,Salmon O'Currigan,88.79,false
905,Ertha Starkings,96.24,true
906,Roz Finn,70.0,false
907,Ely Gawke,44.75,false
908,Budd Tolemache,94.77,false
909,Barbaraanne Braunle,5.12,false
910,West Gramer,41.96,true
911,Lainey Sink,86.21,true
912,Alvinia Bayston,69.29,true
913,Mella Christauffour,92.65,true
914,Tressa Baumber,49.73,false
915,Lynn Cutbirth,14.79,true
916,Benita Mooring,24.41,true
917,Dawna Bessom,66.43,false
918,Charline Snartt,89.89,false
919,Cinda Courtese,42.58,true
920,Clemmy Bofield,12.62,false
921,Jeff Gerraty,63.18,true
922,Jody Bisley,25.18,false
923,Rosmunda Bree,5.95,true
924,Katharine Annion,65.28,false
925,Cyrille Keneleyside,17.97,true
926,Gearard Oldham,35.38,true
927,Eudora Jachimiak,10.72,false
928,Yovonnda Verheijden,46.17,true
929,Reggie MacKellen,34.75,true
930,Kaine Collington,58.32,true
931,Waldo Debill,61.71,true
932,Ambur Taylot,58.18,false
933,Wrennie Curado,28.88,false
934,Zacharias Mohring,41.12,false
935,Fergus Simukov,96.67,false
936,Ingaborg Spykings,17.7,true
937,Thain Nozzolinii,29.44,false
938,Derrik Fink,51.43,true
939,Osbourne Arangy,17.07,true
940,Luciana Lally,74.07,false
941,Bettine Farahar,55.43,true
942,Karola Brunet,33.59,true
943,Frederic Ginglell,94.74,true
944,Hashim Gann,42.13,false
945,Kimball Gamell,28.54,true
946,Ramsay Farr,16.38,false
947,Sax Mullineux,28.57,false
948,Glenn Kleinplac,49.77,true
949,Cal Brent,8.83,true
950,Mabel Byre,75.97,false
951,Brynna Sebright,81.5,true
952,Zacharie Ledington,51.21,true
953,Bruno Defau,78.94,true
954,Amble Whate,92.0,false
955,Lisa Gemmell,39.6,true
956,Dorisa Goodinge,79.62,false
957,Karissa Chupin,24.32,true
958,Anissa Rainon,30.69,true
959,Delaney Woodison,79.62,true
960,Fleming Avey,88.36,true
961,Ursulina Frankis,9.49,false
962,Camile Rops,6.22,true
963,Susie Boulsher,24.55,false
964,Elna Seely,11.29,false
965,Gretel Picheford,65.33,true
966,Dagmar Jaqueminet,76.12,true
967,Burch Abbatucci,40.17,true
968,Tommie Mashal,6.12,false
969,Christine Stalman,75.29,true
970,Daria Abson,77.74,true
971,Sapphira Franchioni,32.6,false
972,Graehme Sandaver,62.92,false
973,Drusy Rollinson,53.56,true
974,Georgeanne Sherborn,20.1,false
975,Janeva Hewson,19.57,false
976,Truman Dinning,41.77,false
977,Honoria Backman,31.46,false
978,Darda Hacaud,32.99,false
979,Vinson Burrel,24.12,false
980,Zulema Heddy,48.57,true
981,Ajay Ellph,46.01,true
982,Shara Asee,80.68,false
983,Dylan Mohan,96.12,false
984,Pete Tuftin,51.29,true
985,Bevvy Placstone,43.91,true
986,Ignace Jory,80.05,true
987,Kippy Rajchert,54.53,false
988,Thayne Lickess,69.74,false
989,Gwenore Alekseicik,6.51,true
990,Paige Sizzey,9.16,true
991,Emilia Goodwell,20.67,true
992,Orsola Cathel,34.1,false
993,Dew Lorie,40.49,true
994,Lenka Pill,11.63,true
995,Dehlia Hopfner,37.28,true
996,Jamil Moses,85.11,true
997,Jeni D'Oyly,74.59,false
998,Darline Juris,71.95,false
999,Augusta Chessman,38.41,true
1000,Ilise Matthensen,60.45,true
